﻿<?xml version="1.0" encoding="utf-8" ?>
<ConnectionStrings>
	<ESGM2_BMES_FORM_R01>
		<Server>10.95.105.181,7433</Server>
		<Database>ESGM2_BMES_FORM_P01</Database>
		<DatabaseProvider>MSSQL</DatabaseProvider>
		<UserId>rtd_app</UserId>
		<Password>##r51T1980D@!</Password>
		<AreaID>C1</AreaID>
		<PlantID>AE</PlantID>
		<SystemTypeCode>F</SystemTypeCode>
	</ESGM2_BMES_FORM_R01>
	<ORACLE>
		<Server>218.235.203.61:49157</Server>
		<Database>xe</Database>
		<DatabaseProvider>ORACLE</DatabaseProvider>
		<UserId>system</UserId>
		<Password>oracle</Password>
		<AreaID>C1</AreaID>
		<PlantID>EO</PlantID>
		<SystemTypeCode>F</SystemTypeCode>
	</ORACLE>
	<ESGM2_BMES_ELTR_P01>
		<Server>10.95.105.161,7433</Server>
		<Database>ESGM2_BMES_ELTR_P01</Database>
		<DatabaseProvider>MSSQL</DatabaseProvider>
		<UserId>rtd_app</UserId>
		<Password>##r51T1980D@!</Password>
		<AreaID>C1</AreaID>
		<PlantID>EO</PlantID>
		<SystemTypeCode>E</SystemTypeCode>
	</ESGM2_BMES_ELTR_P01>
	<ESGM2_BMES_CELL_P01>
		<Server>10.95.105.171,7433</Server>
		<Database>ESGM2_BMES_CELL_P01</Database>
		<DatabaseProvider>MSSQL</DatabaseProvider>
		<UserId>rtd_app</UserId>
		<Password>##r51T1980D@!</Password>
		<AreaID>C1</AreaID>
		<PlantID>AE</PlantID>
		<SystemTypeCode>C</SystemTypeCode>
	</ESGM2_BMES_CELL_P01>
	<ESGM2_BMES_FORM_P01>
		<Server>10.95.105.181,7433</Server>
		<Database>ESGM2_BMES_FORM_P01</Database>
		<DatabaseProvider>MSSQL</DatabaseProvider>
		<UserId>rtd_app</UserId>
		<Password>##r51T1980D@!</Password>
		<AreaID>C1</AreaID>
		<PlantID>AE</PlantID>
		<SystemTypeCode>F</SystemTypeCode>
	</ESGM2_BMES_FORM_P01>	
	<ESGM_BMES_CELL_P01>
		<Server>10.95.9.52,7433;</Server>
		<Database>ESGM_BMES_CELL_P01</Database>
		<DatabaseProvider>MSSQL</DatabaseProvider>
		<UserId>rtd_app</UserId>
		<Password>##r51T1980D@!</Password>
		<AreaID>U1</AreaID>
		<PlantID>EI</PlantID>
		<SystemTypeCode>C</SystemTypeCode>
	</ESGM_BMES_CELL_P01>
	<ESGM_BMES_FORM_P01>
		<Server>10.95.9.45,7433;</Server>
		<Database>ESGM_BMES_FORM_P01</Database>
		<DatabaseProvider>MSSQL</DatabaseProvider>
		<UserId>rtd_app</UserId>
		<Password>##r51T1980D@!</Password>
		<AreaID>U1</AreaID>
		<PlantID>AB</PlantID>
		<SystemTypeCode>F</SystemTypeCode>
	</ESGM_BMES_FORM_P01>
	<ESGM_BMES_ELTR_P01>
		<Server>10.95.9.59,7433;</Server>
		<Database>ESGM_BMES_ELTR_P01</Database>
		<DatabaseProvider>MSSQL</DatabaseProvider>
		<UserId>rtd_app</UserId>
		<Password>##r51T1980D@!</Password>
		<AreaID>U1</AreaID>
		<PlantID>AB</PlantID>
		<SystemTypeCode>E</SystemTypeCode>
	</ESGM_BMES_ELTR_P01>
</ConnectionStrings>